id;verifie;login_expire;email;nom;nom_responsable;num_tel;addresse;matricule_fiscale;url_registre_commerce;url_profile_img;url_responsable_img;created_by;created_date;last_modified_by;last_modified_date
1;false;2023-02-19T15:41:29;Sylviane82@hotmail.fr;transmitting;Account Sainte-Lucie b;Seamless executive;paradigms;Pizza Steel;encompassing de;grow whiteboard Buckinghamshire;frictionless Credit;Rubber Cheese;2023-02-19T17:30:33;Designer driver visualize;2023-02-19T08:45:40
2;false;2023-02-19T08:16:50;Amde.Faure@gmail.com;Granite;experiences;c copying;program line;program c;primary c;Executif;de Seine Loan;Keyboard interfaces;2023-02-19T07:29:18;out-of-the-box;2023-02-19T03:06:10
3;true;2023-02-19T00:20:41;Denis.Martin5@hotmail.fr;Zadkine Berkshire;teal Gorgeous capacitor;hack Palladium Soap;Grocery Berkshire blue;transition;de Dollar open-source;Maurice payment;Proactive green;Corse Rubber;2023-02-19T11:20:01;Limousin RSS Cotton;2023-02-19T02:49:27
4;true;2023-02-19T10:20:32;Bouchard46@hotmail.fr;back-end Limousin;Visionary Frozen motivating;bypassing Cambridgeshire;Tuna Plastic Sports;Ergonomic streamline Coordinateur;Rustic EXE panel;Fish regional silver;calculating c;Rustic Tasty cross-platform;2023-02-19T12:04:46;Profound;2023-02-19T03:05:39
5;true;2023-02-18T20:38:53;Aliz1@yahoo.fr;Loan technologies;intuitive Slovaquie payment;methodology Royale;Cheese RAM Account;array Ingenieur;Brunei hard service-desk;Market well-modulated a;AGP AGP;architectures;2023-02-19T14:05:46;USB turn-key Cotton;2023-02-19T06:49:08
6;false;2023-02-19T11:04:22;meric_Baron85@gmail.com;a driver neutral;Pays-Bas Generic withdrawal;Toys bottom-line cross-platform;a;Guinée Kyat;orchestrate payment quantifying;Car B2B IB;Hryvnia frictionless XML;a;2023-02-19T17:12:23;hacking auxiliary;2023-02-19T09:34:58
7;false;2023-02-19T17:18:53;Agla.Boyer@hotmail.fr;Borders Grèce a;SMS Licensed a;Tools static;Cambodge Monsieur-le-Prince;brand Borders generate;holistic Pa'anga;actuating Handcrafted copy;Molière;Towels;2023-02-19T17:16:03;protocol Haute-Normandie;2023-02-19T08:35:07
8;false;2023-02-19T08:59:23;Angilberte_Faure@yahoo.fr;Berkshire Bedfordshire copying;Cloned generate;Incredible;Île-de-France withdrawal;Belize quantifying Rubber;a copying;Checking challenge static;c Rubber Assistant;e-services withdrawal;2023-02-18T22:48:40;overriding visualize;2023-02-18T22:26:45
9;true;2023-02-19T13:30:04;Roger.Adam26@yahoo.fr;Rhône-Alpes;optimize c b;redundant Account Intelligent;Soft synergistic;teal;de Moldovan;c;backing Developpeur;solution open-source;2023-02-19T06:17:00;pink state;2023-02-19T04:02:31
10;true;2023-02-18T20:17:50;Blandine_Vidal26@yahoo.fr;Nam;Denar FTP Nam;Visionary open a;Cloned Bedfordshire synthesize;impactful invoice;Ferronnerie;models Éthiopie Saint-Jacques;Stand-alone Account;Loan Haute-Normandie;2023-02-19T06:05:01;Cotton;2023-02-19T08:40:15
